학과
mysql> select * from department;
+---------------+-----------------+
| department_id | department_name |
+---------------+-----------------+
|             1 | 수학            |
|             2 | 국문학          |
|             3 | 정보통신공학    |
|             4 | 모바일공학      |
+---------------+-----------------+
4 rows in set (0.00 sec)

--------------------------------------------------------------
학생
mysql> select * from student;
+------------+--------------+--------+---------------+
| student_id | student_name | height | department_id |
+------------+--------------+--------+---------------+
|          1 | 가길동       |    177 |             1 |
|          2 | 나길동       |    178 |             1 |
|          3 | 다길동       |    179 |             1 |
|          4 | 라길동       |    180 |             2 |
|          5 | 마길동       |    170 |             2 |
|          6 | 바길동       |    172 |             3 |
|          7 | 사길동       |    166 |             4 |
|          8 | 아길동       |    192 |             4 |
+------------+--------------+--------+---------------+
8 rows in set (0.00 sec)

-----------------------------------------------------

교수 테이블
mysql> select * from professor;
+--------------+----------------+---------------+
| professor_id | professor_name | department_id |
+--------------+----------------+---------------+
|            1 | 가교수         |             1 |
|            2 | 나교수         |             2 |
|            3 | 다교수         |             3 |
|            4 | 빌게이츠       |             4 |
|            5 | 스티브잡스     |             3 |
+--------------+----------------+---------------+
5 rows in set (0.00 sec)


---------------------------------------------------------

개설과목 테이블
mysql> select * from course;
+-----------+--------------------+------------+------------+--------------+
| course_id | course_name        | start_date | end_date   | professor_id |
+-----------+--------------------+------------+------------+--------------+
|         1 | 교양영어           | 2016-09-02 | 2016-11-30 |            1 |
|         2 | 데이터베이스 입문  | 2016-08-20 | 2016-10-30 |            3 |
|         3 | 회로이론           | 2016-10-20 | 2016-12-30 |            2 |
|         4 | 공업수학           | 2016-11-02 | 2017-01-28 |            4 |
|         5 | 객체지향프로그래밍 | 2016-11-01 | 2017-01-30 |            3 |
+-----------+--------------------+------------+------------+--------------+
5 rows in set (0.00 sec)

---------------------------------------------------------------------
수강 테이블
mysql> select * from student_course;
+------------+-----------+
| student_id | course_id |
+------------+-----------+
|          1 |         1 |
|          2 |         1 |
|          3 |         2 |
|          4 |         3 |
|          5 |         4 |
|          6 |         5 |
|          7 |         5 |
+------------+-----------+
7 rows in set (0.00 sec)


